dataset_id,dataset_name,source,original_file,category,format,municipality,coverage,date,temporal_scope,crs,records,status,usage,limitations,sha256,bytes,sheets,raw_file,download_date,license_or_terms
climate_celaya,Clima_Celaya_2024_2026.xlsx,CSV aportados por usuario; institución/URL UNKNOWN,data/incoming/climate/Clima_Celaya_2024_2026.xlsx,climate,.xlsx,Celaya,Una estación puntual por municipio; 25 meses únicos,UNKNOWN,"2024-01 a 2026-01, mensual",CRS_UNKNOWN,26,PARTIAL,CONTEXT_ONLY,"Marzo 2025 repetido con distinto archivo de origen; no superficie homogénea, temperatura ausente, institución y datum sin verificar.",96415f3ec2e668f1f3a820cfba67136660ba4c8979481b91e044751f8287b258,5685,Precipitacion_mensual;Resumen,data/raw/celaya/Clima_Celaya_2024_2026.xlsx,UNKNOWN,PENDING_SOURCE_PROVENANCE
climate_irapuato,Clima_Irapuato_2024_2026.xlsx,CSV aportados por usuario; institución/URL UNKNOWN,data/incoming/climate/Clima_Irapuato_2024_2026.xlsx,climate,.xlsx,Irapuato,Una estación puntual por municipio; 25 meses únicos,UNKNOWN,"2024-01 a 2026-01, mensual",CRS_UNKNOWN,26,PARTIAL,CONTEXT_ONLY,"Marzo 2025 repetido con distinto archivo de origen; no superficie homogénea, temperatura ausente, institución y datum sin verificar.",307d405787a9d7b073ecdb3fe99137b22d3e51a2e2654d310e02d3665770c167,5692,Precipitacion_mensual;Resumen,data/raw/irapuato/Clima_Irapuato_2024_2026.xlsx,UNKNOWN,PENDING_SOURCE_PROVENANCE
core_exact_duplicate,irapuato_celaya_dataset_ml_geoespacial (1).xlsx,INEGI declarado por libro; compilación entregada por equipo,data/incoming/duplicates_review/irapuato_celaya_dataset_ml_geoespacial (1).xlsx,duplicates_review,.xlsx,Irapuato;Celaya,755 localidades,UNKNOWN,2020/2014; fecha vectorial UNKNOWN,Coordenadas CRS_UNKNOWN; distancias EPSG:6372 declarado,755,EXACT_DUPLICATE,RETAIN_ONLY,No geometrías originales ni script original de distancias; datum de coordenadas no identificado; sin variable objetivo ML.,463106c6232317da7c7934f9c28942d1d39af4dd20615303d1e13c5cce942567,167993,Dataset_ML;Resumen;Diccionario;Notas;Fuentes,,UNKNOWN,PENDING_SOURCE_PROVENANCE
core_geospatial,irapuato_celaya_dataset_ml_geoespacial (2).xlsx,INEGI declarado por libro; compilación entregada por equipo,data/incoming/duplicates_review/irapuato_celaya_dataset_ml_geoespacial (2).xlsx,duplicates_review,.xlsx,Irapuato;Celaya,755 localidades,UNKNOWN,2020/2014; fecha vectorial UNKNOWN,Coordenadas CRS_UNKNOWN; distancias EPSG:6372 declarado,755,CANONICAL_SOURCE,LOCALITY_ANALYSIS,No geometrías originales ni script original de distancias; datum de coordenadas no identificado; sin variable objetivo ML.,463106c6232317da7c7934f9c28942d1d39af4dd20615303d1e13c5cce942567,167993,Dataset_ML;Resumen;Diccionario;Notas;Fuentes,data/raw/shared/irapuato_celaya_dataset_ml_geoespacial (2).xlsx,UNKNOWN,PENDING_SOURCE_PROVENANCE
subbasins_state,subcuencas_Guanajuato_RNA(1).xlsx,INEGI/CONABIO declarado en libro nacional; redsub84gw.zip,data/incoming/hydrography/subcuencas_Guanajuato_RNA(1).xlsx,hydrography,.xlsx,UNKNOWN,23 subcuencas reportadas para Guanajuato,UNKNOWN,UNKNOWN,CRS_UNKNOWN,23,PARTIAL,REFERENCE_ONLY,GEOMETRY_LIMITATION: faltan polígonos; puntos representativos/BBOX no permiten asignación municipal precisa.,e708a4f4c1ac9a1b263417fa53aa9dd12415e367c5d908a7a9b8a8d0018751ad,10481,Subcuencas_Guanajuato;Resumen;Diccionario,data/raw/shared/subcuencas_Guanajuato_RNA(1).xlsx,UNKNOWN,PENDING_SOURCE_PROVENANCE
subbasins_national,subcuencas_hidrograficas_RNA(2).xlsx,INEGI/CONABIO declarado en libro nacional; redsub84gw.zip,data/incoming/hydrography/subcuencas_hidrograficas_RNA(2).xlsx,hydrography,.xlsx,UNKNOWN,México,UNKNOWN,UNKNOWN,EPSG:4326 declarado,976,PARTIAL,REFERENCE_ONLY,GEOMETRY_LIMITATION: faltan polígonos; puntos representativos/BBOX no permiten asignación municipal precisa.,d8e30644d46749bc60bcd854601b7d55425f3b7209437c0fb2dce5a9fac1b05b,189228,Subcuencas;Diccionario;Resumen,data/raw/shared/subcuencas_hidrograficas_RNA(2).xlsx,UNKNOWN,PENDING_SOURCE_PROVENANCE
landuse_series_iv,uso_suelo_vegetacion_serie_IV_F14_7_F14_8.xlsx,INEGI declarado en README interno,data/incoming/landuse_vegetation/uso_suelo_vegetacion_serie_IV_F14_7_F14_8.xlsx,landuse_vegetation,.xlsx,UNKNOWN,Cartas F14-7/F14-8,UNKNOWN,"Serie IV, año UNKNOWN; no condición actual verificada",CRS_UNKNOWN,13599,PARTIAL,REFERENCE_ONLY,GEOMETRY_LIMITATION: faltan geometrías de polígonos. DMS en puntos Serie IV con datum no declarado. No asignar uso de suelo a localidades.,c3d6c9f7dcaec1f37934834c9d65a627f50c269a150036749d4944c2d7b0dd39,522556,README;F14_7_Vegetacion;F14_7_Cobertura;F14_7_Altura;F14_7_Agricultura;F14_7_Nom_Agricola;F14_7_Cultivos;F14_7_Especies;F14_8_Vegetacion;F14_8_Cobertura;F14_8_Altura;F14_8_Agricultura;F14_8_Nom_Agricola;F14_8_Cultivos;F14_8_Especies,data/raw/shared/uso_suelo_vegetacion_serie_IV_F14_7_F14_8.xlsx,UNKNOWN,PENDING_SOURCE_PROVENANCE
landuse_series_i,uso_suelo_vegetacion_serie_I_historico_F14_7_F14_8.xlsx,INEGI declarado en README interno,data/incoming/landuse_vegetation/uso_suelo_vegetacion_serie_I_historico_F14_7_F14_8.xlsx,landuse_vegetation,.xlsx,UNKNOWN,Cartas F14-7/F14-8,UNKNOWN,"Serie I histórica, año UNKNOWN",CRS_UNKNOWN,4939,PARTIAL,REFERENCE_ONLY,GEOMETRY_LIMITATION: faltan geometrías de polígonos. DMS en puntos Serie IV con datum no declarado. No asignar uso de suelo a localidades.,7b7d5d75a0e171dec34a88fb207e36f6ee0d4bf26a7f13f5d655ebfa00042b4c,341333,README;F14_7;F14_8,data/raw/shared/uso_suelo_vegetacion_serie_I_historico_F14_7_F14_8.xlsx,UNKNOWN,PENDING_SOURCE_PROVENANCE
riesgos_naturales_localidades,01_Riesgos_Naturales_Localidades_Celaya_Irapuato.xlsx,UNKNOWN: compilación municipal entregada por equipo,data/incoming/new_downloads/01_Riesgos_Naturales_Localidades_Celaya_Irapuato.xlsx,new_downloads,.xlsx,Irapuato;Celaya,755 localidades; indicadores constantes por municipio,UNKNOWN,UNKNOWN; años incluidos en nombres de indicadores no autentican la fuente,CRS_UNKNOWN,755,PARTIAL,MUNICIPAL_CONTEXT,"Indicadores municipales repetidos por localidad; no son mediciones del predio, amenaza local ni condición actual validada. Fuente original, fecha y licencia pendientes.",583fc3b7d56b4808e64705b1db754e825215410f873a6a0f571642c82723be98,82093,Localidades;Notas,data/raw/municipal_context/01_Riesgos_Naturales_Localidades_Celaya_Irapuato.xlsx,UNKNOWN,PENDING_SOURCE_PROVENANCE
vulnerabilidad_resiliencia_localidades,02_Vulnerabilidad_Resiliencia_Localidades_Celaya_Irapuato.xlsx,UNKNOWN: compilación municipal entregada por equipo,data/incoming/new_downloads/02_Vulnerabilidad_Resiliencia_Localidades_Celaya_Irapuato.xlsx,new_downloads,.xlsx,Irapuato;Celaya,755 localidades; indicadores constantes por municipio,UNKNOWN,UNKNOWN; años incluidos en nombres de indicadores no autentican la fuente,CRS_UNKNOWN,755,PARTIAL,MUNICIPAL_CONTEXT,"Indicadores municipales repetidos por localidad; no son mediciones del predio, amenaza local ni condición actual validada. Fuente original, fecha y licencia pendientes.",dd303de71270efe0d4f3c469beb71f8def3f54a20906b4a41a6d130bd8337681,101199,Localidades;Notas,data/raw/municipal_context/02_Vulnerabilidad_Resiliencia_Localidades_Celaya_Irapuato.xlsx,UNKNOWN,PENDING_SOURCE_PROVENANCE
riesgos_ambientales_localidades,03_Riesgos_Ambientales_Localidades_Celaya_Irapuato.xlsx,UNKNOWN: compilación municipal entregada por equipo,data/incoming/new_downloads/03_Riesgos_Ambientales_Localidades_Celaya_Irapuato.xlsx,new_downloads,.xlsx,Irapuato;Celaya,755 localidades; indicadores constantes por municipio,UNKNOWN,UNKNOWN; años incluidos en nombres de indicadores no autentican la fuente,CRS_UNKNOWN,755,PARTIAL,MUNICIPAL_CONTEXT,"Indicadores municipales repetidos por localidad; no son mediciones del predio, amenaza local ni condición actual validada. Fuente original, fecha y licencia pendientes.",1d1f582fd46278d6dc441841f26f092c4dfc22aedf7a51eee5a679e226b9f9a3,65498,Localidades;Notas,data/raw/municipal_context/03_Riesgos_Ambientales_Localidades_Celaya_Irapuato.xlsx,UNKNOWN,PENDING_SOURCE_PROVENANCE
exposicion_riesgos_localidades,04_Exposicion_Riesgos_Localidades_Celaya_Irapuato.xlsx,UNKNOWN: compilación municipal entregada por equipo,data/incoming/new_downloads/04_Exposicion_Riesgos_Localidades_Celaya_Irapuato.xlsx,new_downloads,.xlsx,Irapuato;Celaya,755 localidades; indicadores constantes por municipio,UNKNOWN,UNKNOWN; años incluidos en nombres de indicadores no autentican la fuente,CRS_UNKNOWN,755,PARTIAL,MUNICIPAL_CONTEXT,"Indicadores municipales repetidos por localidad; no son mediciones del predio, amenaza local ni condición actual validada. Fuente original, fecha y licencia pendientes.",544de12a1ce5916306bf08755110c9c6d6f1097b37d46c02b5a1b3a605943e1e,91434,Localidades;Notas,data/raw/municipal_context/04_Exposicion_Riesgos_Localidades_Celaya_Irapuato.xlsx,UNKNOWN,PENDING_SOURCE_PROVENANCE
statewide_census,guanajuato_dataset_ml_limpio.xlsx,INEGI declarado; fuentes censales listadas en libro,data/incoming/statewide_future/guanajuato_dataset_ml_limpio.xlsx,statewide_future,.xlsx,46 municipios; MVP filtra 007 y 017,Guanajuato; extracción MVP validada por CVEGEO,UNKNOWN,2014/2015/2020,CRS_UNKNOWN,129967,PARTIAL,FILTERED_LOCALITY_ENRICHMENT,EIC2015 tiene tres indicadores siempre cero: no utilizados. Manzanas sin geometría no se unen a localidades. CRS censal no identificado.,b6e20d0257b6b4efb73d272ce81ddfa8e7b4ff9fc7f51afae334f52a683c28df,10390907,Localidades_ML;Urbano_2020;Entorno_2015;EIC_Municipal_2015;Diccionario;Notas_metodologicas;Fuentes,data/raw/shared/guanajuato_dataset_ml_limpio.xlsx,UNKNOWN,PENDING_SOURCE_PROVENANCE
terrain_candidate,02_terreno_DEM_Irapuato_Celaya.xlsx,UNKNOWN: tabla derivada entregada por equipo,data/incoming/terrain/02_terreno_DEM_Irapuato_Celaya.xlsx,terrain,.xlsx,Irapuato;Celaya,755 puntos; no ráster,UNKNOWN,Fecha de valores DEM/pendiente UNKNOWN; altitud censal coincide con maestro,CRS_UNKNOWN,755,PARTIAL,EXPERIMENTAL_REFERENCE_ONLY,"No identifica fuente DEM, resolución, datum vertical, fecha ni algoritmo. Pendiente no validada; rugosidad ausente. Excluido de análisis V1.",3195f4644fa2e30921ec3dd6d9d35d494fb24d596db46dac57acad14f8a259b0,54667,Datos;Notas,data/raw/shared/02_terreno_DEM_Irapuato_Celaya.xlsx,UNKNOWN,PENDING_SOURCE_PROVENANCE
rail_national,datos_ferroviarios_para_RNA(2).xlsx,Institución no declarada en libro; UNKNOWN,data/incoming/transport/datos_ferroviarios_para_RNA(2).xlsx,transport,.xlsx,UNKNOWN,México,2025-07-18 (FECHA_ACT),2025-07-18,EPSG:6372 original; EPSG:4326 derivado (declarados),1302,PARTIAL,REFERENCE_ONLY,No municipio ni líneas completas; sin límites municipales no se publica filtro espacial aproximado. Fuente/licencia sin identificar.,7b6bfc57253f60d93534e5c15c3cb9df29d19330bc5d83c26d6bdc2fbdaf3723,109495,Nodos;Origen_Destino;Diccionario;Resumen,data/raw/shared/datos_ferroviarios_para_RNA(2).xlsx,UNKNOWN,PENDING_SOURCE_PROVENANCE
