source_id,file_name,institution,source_year,download_date,coverage,crs,geometry_type,license_or_terms,status,processing_script,limitations,sha256
climate_celaya,Clima_Celaya_2024_2026.xlsx,CSV aportados por usuario; institución/URL UNKNOWN,"2024-01 a 2026-01, mensual",UNKNOWN,Una estación puntual por municipio; 25 meses únicos,CRS_UNKNOWN,Tabular; no polygon geometry,PENDING_SOURCE_PROVENANCE,PARTIAL,scripts/data/build_v1.py,"Marzo 2025 repetido con distinto archivo de origen; no superficie homogénea, temperatura ausente, institución y datum sin verificar.",96415f3ec2e668f1f3a820cfba67136660ba4c8979481b91e044751f8287b258
climate_irapuato,Clima_Irapuato_2024_2026.xlsx,CSV aportados por usuario; institución/URL UNKNOWN,"2024-01 a 2026-01, mensual",UNKNOWN,Una estación puntual por municipio; 25 meses únicos,CRS_UNKNOWN,Tabular; no polygon geometry,PENDING_SOURCE_PROVENANCE,PARTIAL,scripts/data/build_v1.py,"Marzo 2025 repetido con distinto archivo de origen; no superficie homogénea, temperatura ausente, institución y datum sin verificar.",307d405787a9d7b073ecdb3fe99137b22d3e51a2e2654d310e02d3665770c167
core_exact_duplicate,irapuato_celaya_dataset_ml_geoespacial (1).xlsx,INEGI declarado por libro; compilación entregada por equipo,2020/2014; fecha vectorial UNKNOWN,UNKNOWN,755 localidades,Coordenadas CRS_UNKNOWN; distancias EPSG:6372 declarado,Tabular; no polygon geometry,PENDING_SOURCE_PROVENANCE,EXACT_DUPLICATE,scripts/data/build_v1.py,No geometrías originales ni script original de distancias; datum de coordenadas no identificado; sin variable objetivo ML.,463106c6232317da7c7934f9c28942d1d39af4dd20615303d1e13c5cce942567
core_geospatial,irapuato_celaya_dataset_ml_geoespacial (2).xlsx,INEGI declarado por libro; compilación entregada por equipo,2020/2014; fecha vectorial UNKNOWN,UNKNOWN,755 localidades,Coordenadas CRS_UNKNOWN; distancias EPSG:6372 declarado,Tabular; no polygon geometry,PENDING_SOURCE_PROVENANCE,CANONICAL_SOURCE,scripts/data/build_v1.py,No geometrías originales ni script original de distancias; datum de coordenadas no identificado; sin variable objetivo ML.,463106c6232317da7c7934f9c28942d1d39af4dd20615303d1e13c5cce942567
subbasins_state,subcuencas_Guanajuato_RNA(1).xlsx,INEGI/CONABIO declarado en libro nacional; redsub84gw.zip,UNKNOWN,UNKNOWN,23 subcuencas reportadas para Guanajuato,CRS_UNKNOWN,Tabular; no polygon geometry,PENDING_SOURCE_PROVENANCE,PARTIAL,scripts/data/build_v1.py,GEOMETRY_LIMITATION: faltan polígonos; puntos representativos/BBOX no permiten asignación municipal precisa.,e708a4f4c1ac9a1b263417fa53aa9dd12415e367c5d908a7a9b8a8d0018751ad
subbasins_national,subcuencas_hidrograficas_RNA(2).xlsx,INEGI/CONABIO declarado en libro nacional; redsub84gw.zip,UNKNOWN,UNKNOWN,México,EPSG:4326 declarado,Tabular; no polygon geometry,PENDING_SOURCE_PROVENANCE,PARTIAL,scripts/data/build_v1.py,GEOMETRY_LIMITATION: faltan polígonos; puntos representativos/BBOX no permiten asignación municipal precisa.,d8e30644d46749bc60bcd854601b7d55425f3b7209437c0fb2dce5a9fac1b05b
landuse_series_iv,uso_suelo_vegetacion_serie_IV_F14_7_F14_8.xlsx,INEGI declarado en README interno,"Serie IV, año UNKNOWN; no condición actual verificada",UNKNOWN,Cartas F14-7/F14-8,CRS_UNKNOWN,Tabular; no polygon geometry,PENDING_SOURCE_PROVENANCE,PARTIAL,scripts/data/build_v1.py,GEOMETRY_LIMITATION: faltan geometrías de polígonos. DMS en puntos Serie IV con datum no declarado. No asignar uso de suelo a localidades.,c3d6c9f7dcaec1f37934834c9d65a627f50c269a150036749d4944c2d7b0dd39
landuse_series_i,uso_suelo_vegetacion_serie_I_historico_F14_7_F14_8.xlsx,INEGI declarado en README interno,"Serie I histórica, año UNKNOWN",UNKNOWN,Cartas F14-7/F14-8,CRS_UNKNOWN,Tabular; no polygon geometry,PENDING_SOURCE_PROVENANCE,PARTIAL,scripts/data/build_v1.py,GEOMETRY_LIMITATION: faltan geometrías de polígonos. DMS en puntos Serie IV con datum no declarado. No asignar uso de suelo a localidades.,7b7d5d75a0e171dec34a88fb207e36f6ee0d4bf26a7f13f5d655ebfa00042b4c
riesgos_naturales_localidades,01_Riesgos_Naturales_Localidades_Celaya_Irapuato.xlsx,UNKNOWN: compilación municipal entregada por equipo,UNKNOWN; años incluidos en nombres de indicadores no autentican la fuente,UNKNOWN,755 localidades; indicadores constantes por municipio,CRS_UNKNOWN,Tabular; no polygon geometry,PENDING_SOURCE_PROVENANCE,PARTIAL,scripts/data/build_v1.py,"Indicadores municipales repetidos por localidad; no son mediciones del predio, amenaza local ni condición actual validada. Fuente original, fecha y licencia pendientes.",583fc3b7d56b4808e64705b1db754e825215410f873a6a0f571642c82723be98
vulnerabilidad_resiliencia_localidades,02_Vulnerabilidad_Resiliencia_Localidades_Celaya_Irapuato.xlsx,UNKNOWN: compilación municipal entregada por equipo,UNKNOWN; años incluidos en nombres de indicadores no autentican la fuente,UNKNOWN,755 localidades; indicadores constantes por municipio,CRS_UNKNOWN,Tabular; no polygon geometry,PENDING_SOURCE_PROVENANCE,PARTIAL,scripts/data/build_v1.py,"Indicadores municipales repetidos por localidad; no son mediciones del predio, amenaza local ni condición actual validada. Fuente original, fecha y licencia pendientes.",dd303de71270efe0d4f3c469beb71f8def3f54a20906b4a41a6d130bd8337681
riesgos_ambientales_localidades,03_Riesgos_Ambientales_Localidades_Celaya_Irapuato.xlsx,UNKNOWN: compilación municipal entregada por equipo,UNKNOWN; años incluidos en nombres de indicadores no autentican la fuente,UNKNOWN,755 localidades; indicadores constantes por municipio,CRS_UNKNOWN,Tabular; no polygon geometry,PENDING_SOURCE_PROVENANCE,PARTIAL,scripts/data/build_v1.py,"Indicadores municipales repetidos por localidad; no son mediciones del predio, amenaza local ni condición actual validada. Fuente original, fecha y licencia pendientes.",1d1f582fd46278d6dc441841f26f092c4dfc22aedf7a51eee5a679e226b9f9a3
exposicion_riesgos_localidades,04_Exposicion_Riesgos_Localidades_Celaya_Irapuato.xlsx,UNKNOWN: compilación municipal entregada por equipo,UNKNOWN; años incluidos en nombres de indicadores no autentican la fuente,UNKNOWN,755 localidades; indicadores constantes por municipio,CRS_UNKNOWN,Tabular; no polygon geometry,PENDING_SOURCE_PROVENANCE,PARTIAL,scripts/data/build_v1.py,"Indicadores municipales repetidos por localidad; no son mediciones del predio, amenaza local ni condición actual validada. Fuente original, fecha y licencia pendientes.",544de12a1ce5916306bf08755110c9c6d6f1097b37d46c02b5a1b3a605943e1e
statewide_census,guanajuato_dataset_ml_limpio.xlsx,INEGI declarado; fuentes censales listadas en libro,2014/2015/2020,UNKNOWN,Guanajuato; extracción MVP validada por CVEGEO,CRS_UNKNOWN,Tabular; no polygon geometry,PENDING_SOURCE_PROVENANCE,PARTIAL,scripts/data/build_v1.py,EIC2015 tiene tres indicadores siempre cero: no utilizados. Manzanas sin geometría no se unen a localidades. CRS censal no identificado.,b6e20d0257b6b4efb73d272ce81ddfa8e7b4ff9fc7f51afae334f52a683c28df
terrain_candidate,02_terreno_DEM_Irapuato_Celaya.xlsx,UNKNOWN: tabla derivada entregada por equipo,Fecha de valores DEM/pendiente UNKNOWN; altitud censal coincide con maestro,UNKNOWN,755 puntos; no ráster,CRS_UNKNOWN,Tabular; no polygon geometry,PENDING_SOURCE_PROVENANCE,PARTIAL,scripts/data/build_v1.py,"No identifica fuente DEM, resolución, datum vertical, fecha ni algoritmo. Pendiente no validada; rugosidad ausente. Excluido de análisis V1.",3195f4644fa2e30921ec3dd6d9d35d494fb24d596db46dac57acad14f8a259b0
rail_national,datos_ferroviarios_para_RNA(2).xlsx,Institución no declarada en libro; UNKNOWN,2025-07-18,UNKNOWN,México,EPSG:6372 original; EPSG:4326 derivado (declarados),Tabular; no polygon geometry,PENDING_SOURCE_PROVENANCE,PARTIAL,scripts/data/build_v1.py,No municipio ni líneas completas; sin límites municipales no se publica filtro espacial aproximado. Fuente/licencia sin identificar.,7b6bfc57253f60d93534e5c15c3cb9df29d19330bc5d83c26d6bdc2fbdaf3723
